{"cameraMode":{"drawMode":0,"name":"Shaded","section":"Shading Mode"},"sceneLighting":false,"audioPlay":false,"sceneViewState":{"m_AlwaysRefresh":false,"showFog":true,"showSkybox":false,"showFlares":true,"showImageEffects":true,"showParticleSystems":true,"showVisualEffectGraphs":true,"m_FxEnabled":true},"in2DMode":false,"pivot":{"x":-2.4152097702026369,"y":1.1487230062484742,"z":0.30677300691604617},"rotation":{"x":0.14504213631153108,"y":0.7118960618972778,"z":-0.1541992723941803,"w":0.6696128845214844},"size":0.3757069706916809,"orthographic":false}