{"cameraMode":{"drawMode":0,"name":"Shaded","section":"Shading Mode"},"sceneLighting":false,"audioPlay":false,"sceneViewState":{"m_AlwaysRefresh":false,"showFog":true,"showSkybox":false,"showFlares":true,"showImageEffects":true,"showParticleSystems":true,"showVisualEffectGraphs":true,"m_FxEnabled":true},"in2DMode":false,"pivot":{"x":2.8180463314056398,"y":4.061845302581787,"z":2.220712423324585},"rotation":{"x":-0.012632902711629868,"y":0.9485218524932861,"z":-0.3141299784183502,"w":-0.03815026581287384},"size":0.3757069706916809,"orthographic":false}